image,structured,zero_shot,clarity_zero_shot,relevance_zero_shot,hallucination_zero_shot,clarity_structured,relevance_structured,hallucination_structured
12536_left,"IMAGE QUALITY: Adequate
FINDINGS:
- Microaneurysms: Present
- Hemorrhages: Present
- Hard exudates: Absent
- Cotton wool spots: Absent
- Venous beading or IRMA: Absent
- Neovascularization: Absent
- Vitreous or preretinal hemorrhage: Absent
SEVERITY GRADE: 2
SEVERITY LABEL: Moderate NPDR
RECOMMENDATION: Follow up in 6 months to monitor for progression.
SUMMARY: The image shows moderate non-proliferative diabetic retinopathy with microaneurysms and hemorrhages. No signs of severe features or neovascularization are present.
","Okay, I've reviewed the retinal fundus image. Here's a description of the findings and an assessment of the diabetic retinopathy severity:

**Findings:**

*   **Macular Edema:** There appears to be some evidence of macular edema, indicated by the blurring of the central retinal details.
*   **Microaneurysms:** There are several microaneurysms present, which are small, abnormal bulges in the walls of retinal blood vessels.
*   **Cotton Wool Spots:** There are some cotton wool spots, which are white, fluffy patches that represent areas of nerve fiber layer infarction (ischemia).
*   **Hemorrhages:** There are some hemorrhages present, which are small areas of bleeding within the retina.
*   **Retinal Vein Occlusion:** There is a retinal vein occlusion, which is a blockage of a retinal vein.

**Diabetic Retinopathy Severity Assessment:**

Based on the findings, the diabetic retinopathy severity is likely **moderate to severe**.

*   The presence of microaneurysms, cotton wool spots, and hemorrhages indicates a significant level of retinal damage.
*   The macular edema further contributes to the severity, as it can lead to vision loss.
*   The retinal vein occlusion is a serious finding that can cause further retinal damage.

**Important Considerations:**

*   This assessment is based solely on the provided image. A comprehensive evaluation would require a complete ophthalmological examination, including visual acuity testing, fundus photography, and potentially other diagnostic tests.
*   The severity of diabetic retinopathy can vary depending on the individual's blood sugar control, blood pressure, and other factors.
*   The presence of macular edema can significantly impact vision, and treatment options are available to help manage it.

**Recommendations:**

*   The patient should be referred to an ophthalmologist for a comprehensive evaluation and management plan.
*   The ophthalmologist will likely recommend monitoring the condition with regular fundus examinations.
*   Treatment options for diabetic retinopathy may include laser photocoagulation, intravitreal injections of anti-VEGF medications, and other interventions to reduce macular edema and prevent further vision loss.
*   Strict blood sugar control is crucial for preventing the progression of diabetic retinopathy.

**Disclaimer:** This information is for educational purposes only and should not be considered medical advice. It is essential to consult with a qualified ophthalmologist for diagnosis and treatment of any eye condition.",,,,,,
13769_left,"IMAGE QUALITY: Adequate
FINDINGS:
- Microaneurysms: Present
- Hemorrhages: Absent
- Hard exudates: Absent
- Cotton wool spots: Absent
- Venous beading or IRMA: Absent
- Neovascularization: Absent
- Vitreous or preretinal hemorrhage: Absent
SEVERITY GRADE: 1
SEVERITY LABEL: Mild NPDR
RECOMMENDATION: Follow up in 6 months to monitor for progression.
SUMMARY: The image shows microaneurysms, indicating mild non-proliferative diabetic retinopathy. No other significant findings are present.
","Okay, I've examined the retinal fundus image. Here's a description of the findings and an assessment of the diabetic retinopathy severity:

**Description of Findings:**

*   **Clear Optic Disc:** The optic disc appears relatively clear, with no significant edema or hemorrhages.
*   **Normal Retina:** The retina appears generally normal in terms of its overall appearance.
*   **No Macular Edema:** There is no evidence of macular edema, which is a common complication of diabetic retinopathy.
*   **No Significant Hemorrhages:** There are no obvious, large hemorrhages present in the fundus.
*   **No Neovascularization:** There is no evidence of neovascularization (new blood vessel growth), which is a sign of proliferative diabetic retinopathy.
*   **No Significant Retinal Detachment:** There is no evidence of retinal detachment.

**Diabetic Retinopathy Severity Assessment:**

Based on the findings, the diabetic retinopathy severity appears to be **mild**.

**Explanation:**

The absence of significant hemorrhages, macular edema, neovascularization, and a clear optic disc suggests that the diabetic retinopathy is not advanced. The fundus appears relatively normal.

**Important Considerations:**

*   **This is a preliminary assessment based on a single image.** A comprehensive evaluation requires a full dilated fundus examination, including assessment of the peripheral retina, and potentially other imaging modalities like OCT (Optical Coherence Tomography) or fluorescein angiography, to rule out any subtle findings.
*   **The patient's history is crucial.** The severity of diabetic retinopathy can vary significantly depending on the duration of diabetes, glycemic control, and other factors.
*   **This assessment is for informational purposes only and should not be considered a substitute for professional medical advice.** A qualified ophthalmologist should be consulted for a complete evaluation and management plan.

**In summary, the image suggests mild diabetic retinopathy, but a full examination is necessary for a definitive diagnosis and management plan.**
",,,,,,
14495_right,"IMAGE QUALITY: Adequate
FINDINGS:
- Microaneurysms: Present
- Hemorrhages: Present
- Hard exudates: Present
- Cotton wool spots: Present
- Venous beading or IRMA: Absent
- Neovascularization: Absent
- Vitreous or preretinal hemorrhage: Absent
SEVERITY GRADE: 4
SEVERITY LABEL: Proliferative DR
RECOMMENDATION: Schedule a follow-up appointment to monitor for progression.
SUMMARY: The image shows extensive retinal hemorrhages, hard exudates, and cotton wool spots, indicating proliferative diabetic retinopathy. Further evaluation and management are necessary.
","Okay, based on the retinal fundus image provided, here's a detailed description and assessment of the diabetic retinopathy severity:

**Description of Findings:**

*   **Widespread Retinal Hemorrhages:** There are numerous retinal hemorrhages present throughout the fundus. These appear as bright red spots or streaks.
*   **Cotton Wool Spots:** These are fluffy, white lesions representing areas of retinal nerve fiber layer infarction. They are also present throughout the fundus.
*   **Microaneurysms:** These are small, red, pinpoint-sized lesions that represent outpouchings of the retinal capillaries. They are present, but their density is difficult to assess precisely in this image.
*   **Macular Edema:** The macula, the central part of the retina responsible for sharp central vision, appears to have some degree of swelling. This is indicated by the blurring of the details in the central area.
*   **Neovascularization:** This is the most concerning finding. There is evidence of new blood vessel growth (neovascularization) on the optic disc and potentially elsewhere in the fundus. These new vessels are fragile and prone to bleeding.
*   **Other Findings:** There may be some signs of retinal thickening and fluid accumulation.

**Assessment of Diabetic Retinopathy Severity:**

Based on these findings, the diabetic retinopathy severity is likely **Severe**.

**Justification:**

*   **Presence of Neovascularization:** The presence of neovascularization is the hallmark of proliferative diabetic retinopathy (PDR), which is the most severe form of diabetic retinopathy.
*   **Widespread Hemorrhages and Cotton Wool Spots:** These indicate significant retinal damage and ischemia.
*   **Macular Edema:** This can lead to significant vision loss.
*   **Overall Appearance:** The image shows a fundus that is significantly altered by diabetic retinopathy.

**Important Considerations:**

*   **This is a preliminary assessment based on a single image.** A complete evaluation requires a comprehensive examination, including assessment of the patient's history, clinical findings, and potentially additional imaging (e.g., OCT).
*   **The exact severity can vary.** The presence and extent of neovascularization, the degree of macular edema, and the presence of other complications can influence the final classification.
*   **The patient's visual acuity and other clinical factors are crucial.**

**Recommendations:**

*   **Immediate referral to a retinal specialist is essential.** The patient needs prompt evaluation",,,,,,
15644_left,"IMAGE QUALITY: Adequate
FINDINGS:
- Microaneurysms: Absent
- Hemorrhages: Absent
- Hard exudates: Absent
- Cotton wool spots: Absent
- Venous beading or IRMA: Absent
- Neovascularization: Absent
- Vitreous or preretinal hemorrhage: Absent
SEVERITY GRADE: 0
SEVERITY LABEL: No DR
RECOMMENDATION: Schedule a follow-up appointment in 6 months to monitor for any changes.
SUMMARY: The image shows no signs of diabetic retinopathy. No microaneurysms, hemorrhages, or other abnormalities are present.
","Okay, I've examined the retinal fundus image. Here's a description of the findings and an assessment of the diabetic retinopathy severity:

**Description of Findings:**

*   **Macula:** The macula appears relatively clear and well-defined. There are no obvious signs of macular edema, drusen, or significant pigmentary changes.
*   **Retinal Vessels:** The retinal vessels appear to be of normal caliber and without significant signs of narrowing (microaneurysms, hemorrhages, exudates).
*   **Optic Disc:** The optic disc appears normal in appearance.

**Diabetic Retinopathy Severity Assessment:**

Based on the provided image, the diabetic retinopathy severity appears to be **mild**.

**Reasoning:**

*   The absence of significant microaneurysms, hemorrhages, or exudates is a key indicator of mild diabetic retinopathy.
*   The retinal vessels appear normal in caliber.
*   The macula appears clear.

**Important Considerations:**

*   This assessment is based solely on the provided image. A comprehensive evaluation requires a full dilated fundus examination, including assessment of the peripheral retina, optic disc, and other structures.
*   The severity of diabetic retinopathy can change over time. Regular follow-up with an ophthalmologist is crucial for monitoring and managing the condition.
*   Other factors, such as the patient's blood sugar control, blood pressure, and cholesterol levels, also influence the progression of diabetic retinopathy.

**Disclaimer:** This is an automated assessment based on a single image. It is not a substitute for a professional ophthalmological examination. A qualified ophthalmologist should be consulted for a complete evaluation and management plan.",,,,,,
15696_left,"IMAGE QUALITY: Adequate
FINDINGS:
- Microaneurysms: Present
- Hemorrhages: Present
- Hard exudates: Present
- Cotton wool spots: Present
- Venous beading or IRMA: Present
- Neovascularization: Present
- Vitreous or preretinal hemorrhage: Present
SEVERITY GRADE: 4
SEVERITY LABEL: Proliferative DR
RECOMMENDATION: The patient requires immediate referral to a retinal specialist for evaluation and management of proliferative diabetic retinopathy.
SUMMARY: This image shows significant retinal findings consistent with proliferative diabetic retinopathy, including neovascularization, hemorrhages, and cotton wool spots. The patient needs urgent evaluation and treatment by a retinal specialist.
","Okay, based on the retinal fundus image provided, here's a detailed description and assessment of the diabetic retinopathy severity:

**Findings:**

*   **Widespread Retinal Hemorrhages:** There are numerous, small to medium-sized retinal hemorrhages present throughout the fundus. These are often described as ""dot and blot"" hemorrhages.
*   **Cotton Wool Spots:** These are fluffy, white lesions representing areas of retinal nerve fiber layer infarction. They are also widespread throughout the fundus.
*   **Microaneurysms:** These are small, red, roundish lesions that represent outpouchings of the retinal capillaries. They are present, but their density is difficult to precisely assess in this image.
*   **Macular Edema:** The macula, the central part of the retina responsible for sharp central vision, appears to have significant edema (swelling). This is indicated by the blurring of the retinal details in the macula.
*   **Vitreous Hemorrhage:** There is a significant amount of blood in the vitreous humor, the clear gel that fills the space between the lens and the retina. This is a serious finding.
*   **Arteriolar Narrowing:** The retinal arterioles (small blood vessels) appear narrowed, which is a common finding in diabetic retinopathy.
*   **Peripapillary Hem:** There is some evidence of blood leaking around the optic disc (peripapillary hemorrhages).

**Diabetic Retinopathy Severity Assessment:**

Based on these findings, the diabetic retinopathy severity is **Severe**.

**Justification:**

*   The presence of widespread retinal hemorrhages, cotton wool spots, and macular edema indicates a high level of retinal damage.
*   The vitreous hemorrhage is a significant complication that can lead to vision loss.
*   The arteriolar narrowing suggests chronic hyperglycemia and vascular damage.

**Important Considerations:**

*   This assessment is based solely on the provided image. A comprehensive evaluation would require a complete ophthalmic examination, including visual acuity testing, fundus photography, and potentially other imaging modalities (e.g., OCT, fluorescein angiography).
*   The severity of diabetic retinopathy can vary depending on the individual's glycemic control, blood pressure, and other factors.
*   The presence of a vitreous hemorrhage can significantly impact the patient's vision and may require prompt treatment to prevent further complications.

**Recommendations:**

*   The patient should be referred to an ophthalmologist",,,,,,
16025_left,"IMAGE QUALITY: Adequate
FINDINGS:
- Microaneurysms: Present
- Hemorrhages: Absent
- Hard exudates: Absent
- Cotton wool spots: Absent
- Venous beading or IRMA: Absent
- Neovascularization: Absent
- Vitreous or preretinal hemorrhage: Absent
SEVERITY GRADE: 1
SEVERITY LABEL: Mild NPDR
RECOMMENDATION: Follow up in 6 months to monitor for progression.
SUMMARY: The image shows microaneurysms, indicating mild non-proliferative diabetic retinopathy. No other significant findings are present.
","Okay, I've reviewed the retinal fundus image. Here's a description of the findings and an assessment of the diabetic retinopathy severity:

**Description of Findings:**

*   **Darkness:** The image is very dark, making it difficult to visualize the retinal details clearly. This is likely due to the low light conditions under which the image was captured.
*   **Possible Macular Edema:** There appears to be some blurring or haziness in the central macula area. This could be indicative of macular edema, a common complication of diabetic retinopathy.
*   **Microaneurysms:** There are some small, red dots visible in the retina. These are likely microaneurysms, which are small, abnormal bulges in the walls of the retinal blood vessels. They are a hallmark of diabetic retinopathy.
*   **Other findings:** There are some other small areas of hyperpigmentation and possible hemorrhages.

**Diabetic Retinopathy Severity Assessment:**

Based on the limited information and the darkness of the image, it is difficult to provide a definitive severity assessment. However, I can offer some preliminary observations:

*   **Possible Early to Moderate Diabetic Retinopathy:** The presence of microaneurysms suggests diabetic retinopathy. The blurring in the macula could indicate early macular edema.
*   **Need for Further Evaluation:** A more detailed examination is needed to confirm the presence of microaneurysms, assess the extent of macular edema, and evaluate for other signs of diabetic retinopathy.

**Important Considerations:**

*   **Image Quality:** The poor image quality makes it challenging to accurately assess the severity of diabetic retinopathy.
*   **Clinical History:** A complete clinical history, including the patient's blood sugar control, blood pressure, and other relevant factors, is essential for a proper diagnosis and management plan.
*   **Follow-up:** This image should be followed up with a comprehensive dilated fundus examination by an ophthalmologist.

**Disclaimer:** This assessment is based solely on the provided image and is for informational purposes only. It should not be considered a substitute for a professional medical evaluation. A qualified ophthalmologist is needed for a definitive diagnosis and treatment plan.",,,,,,
17139_left,"IMAGE QUALITY: Adequate
FINDINGS:
- Microaneurysms: Present
- Hemorrhages: Present
- Hard exudates: Absent
- Cotton wool spots: Absent
- Venous beading or IRMA: Absent
- Neovascularization: Absent
- Vitreous or preretinal hemorrhage: Absent
SEVERITY GRADE: 2
SEVERITY LABEL: Moderate NPDR
RECOMMENDATION: Follow up in 6 months to monitor for progression.
SUMMARY: The image shows microaneurysms and hemorrhages, indicating moderate non-proliferative diabetic retinopathy. Further monitoring is needed to assess for progression.
","Okay, I've reviewed the retinal fundus image. Here's a description of the findings and an assessment of the diabetic retinopathy severity:

**Description of Findings:**

*   **Overall Image Quality:** The image is somewhat suboptimal due to low light levels and potential artifacts. It's difficult to discern fine details.
*   **Macula:** The macula appears somewhat blurry and indistinct. It's hard to assess for macular edema or other macular changes with certainty.
*   **Retinal Vessels:** The retinal vessels are present, but their appearance is not clear. There are some areas of what could be interpreted as vessel narrowing or irregularity, but this is difficult to confirm without better image quality.
*   **Other Structures:** The optic disc appears relatively normal in appearance.

**Diabetic Retinopathy Severity Assessment:**

Based on the limited information available, I would assess the diabetic retinopathy severity as **Mild to Moderate**.

**Reasoning:**

*   **Presence of Microaneurysms:** The image does not show any clear evidence of microaneurysms, which are a hallmark of diabetic retinopathy.
*   **Vessel Changes:** There are some areas of what could be interpreted as vessel narrowing or irregularity, but this is difficult to confirm without better image quality.
*   **Macular Edema:** The macula appears somewhat blurry and indistinct, which could be a sign of macular edema. However, it's difficult to definitively diagnose macular edema from this image.
*   **Other Findings:** The optic disc appears relatively normal in appearance.

**Important Considerations:**

*   **Image Quality:** The low image quality significantly limits the accuracy of the assessment. A higher-resolution image would be necessary for a more definitive diagnosis.
*   **Clinical History:** The patient's history of diabetes, blood sugar control, and other relevant factors are crucial for accurate assessment.
*   **Other Examinations:** A comprehensive dilated fundus examination, including assessment of the macula, is essential for a complete evaluation.

**Recommendations:**

*   **Obtain a higher-resolution fundus image.**
*   **Perform a comprehensive dilated fundus examination.**
*   **Assess the patient's blood sugar control and other relevant factors.**
*   **Consider optical coherence tomography (OCT) to evaluate the macula for edema.**

**Disclaimer:** This assessment is based solely on the provided image and limited information. A definitive diagnosis and treatment plan can only be determined",,,,,,
17317_left,"IMAGE QUALITY: Adequate
FINDINGS:
- Microaneurysms: Absent
- Hemorrhages: Absent
- Hard exudates: Absent
- Cotton wool spots: Absent
- Venous beading or IRMA: Absent
- Neovascularization: Absent
- Vitreous or preretinal hemorrhage: Absent
SEVERITY GRADE: 0
SEVERITY LABEL: No DR
RECOMMENDATION: Schedule a follow-up examination in 6 months.
SUMMARY: The fundus image shows no signs of diabetic retinopathy. The patient should be monitored regularly to detect any changes.
","Okay, I've reviewed the retinal fundus image. Here's a description of the findings and an assessment of the diabetic retinopathy severity:

**Description of Findings:**

*   **Dark Image:** The image is very dark, making it difficult to visualize the retinal details clearly. This could be due to several factors, including poor lighting conditions during the image acquisition, a high-powered lens, or a problem with the camera.
*   **Possible Optic Disc:** There is a dark area in the center of the image that could represent the optic disc. However, it's difficult to confirm this definitively due to the poor image quality.
*   **Possible Blood Vessels:** There are some faint, dark structures that could be retinal blood vessels. However, they are not easily discernible due to the darkness of the image.
*   **Possible Macula:** The macula, the central part of the retina responsible for sharp central vision, is not clearly visible.

**Assessment of Diabetic Retinopathy Severity:**

Based on the limited information and poor image quality, it is impossible to accurately assess the severity of diabetic retinopathy. The lack of clear visualization of the retinal details makes it difficult to identify any specific features associated with diabetic retinopathy, such as:

*   Microaneurysms
*   Hemorrhages
*   Cotton wool spots
*   Macular edema
*   Neovascularization

**Recommendation:**

A more detailed and well-lit retinal fundus image is required to accurately assess the severity of diabetic retinopathy. If possible, a fundus photograph with better lighting and resolution should be obtained.

**Disclaimer:**

This assessment is based solely on the provided image and is for informational purposes only. It should not be considered a substitute for a comprehensive eye examination by a qualified ophthalmologist.
",,,,,,
19627_right,"IMAGE QUALITY: Adequate
FINDINGS:
- Microaneurysms: Absent
- Hemorrhages: Absent
- Hard exudates: Absent
- Cotton wool spots: Absent
- Venous beading or IRMA: Absent
- Neovascularization: Absent
- Vitreous or preretinal hemorrhage: Absent
SEVERITY GRADE: 0
SEVERITY LABEL: No DR
RECOMMENDATION: Schedule a follow-up eye exam in 6 months.
SUMMARY: The fundus image shows no signs of diabetic retinopathy. The patient should be monitored regularly to detect any changes.
","Okay, I've examined the retinal fundus image. Here's a description of the findings and an assessment of the diabetic retinopathy severity:

**Description of Findings:**

*   **Overall Appearance:** The image appears to be a relatively clear fundus photograph. The optic disc is visible, and the retinal vessels are present.
*   **Macula:** The macula appears to be relatively clear, with no obvious signs of macular edema or drusen.
*   **Retinal Vessels:** The retinal vessels appear to be of normal caliber and distribution. There are no significant signs of arteriolar narrowing (hemorrhages) or AV nicking.
*   **Other Structures:** The image shows the typical structures of the fundus, including the choroid, sclera, and optic disc.

**Diabetic Retinopathy Severity Assessment:**

Based on the provided image, I would assess the diabetic retinopathy severity as **no diabetic retinopathy (NDR)**.

**Explanation:**

*   **No Evidence of Diabetic Retinopathy:** The image does not show any of the characteristic features of diabetic retinopathy, such as microaneurysms, hemorrhages, exudates, or neovascularization.
*   **Normal Fundus Appearance:** The retinal vessels appear normal, and the macula is clear.

**Important Considerations:**

*   **Limited Information:** This assessment is based solely on the provided image. A comprehensive evaluation would require a complete fundus examination, including assessment of the macula, optic disc, and peripheral retina.
*   **Clinical History:** The patient's history of diabetes, including duration of diabetes, glycemic control, and presence of other medical conditions, is crucial for accurate assessment.
*   **Follow-up:** Regular follow-up examinations are essential to monitor for the development of diabetic retinopathy.

**Disclaimer:** This assessment is for informational purposes only and should not be considered a substitute for a professional medical evaluation. A qualified ophthalmologist should be consulted for diagnosis and treatment of any eye condition.",,,,,,
20784_left,"IMAGE QUALITY: Adequate
FINDINGS:
- Microaneurysms: Present
- Hemorrhages: Absent
- Hard exudates: Absent
- Cotton wool spots: Absent
- Venous beading or IRMA: Absent
- Neovascularization: Absent
- Vitreous or preretinal hemorrhage: Absent
SEVERITY GRADE: 1
SEVERITY LABEL: Mild NPDR
RECOMMENDATION: Follow up in 6 months to monitor for progression.
SUMMARY: The image shows microaneurysms, indicating mild non-proliferative diabetic retinopathy. There are no other significant findings.
","Okay, I've reviewed the retinal fundus image. Here's a description of the findings and an assessment of the diabetic retinopathy severity:

**Description of Findings:**

*   **Image Quality:** The image quality is suboptimal. It's difficult to discern fine details due to the low resolution and potential artifacts.
*   **Macula:** The macula appears relatively clear, but the details are not well defined.
*   **Retinal Vessels:** The retinal vessels are visible, but their appearance is not easily assessed due to the image quality.
*   **Other Structures:** Other retinal structures, such as the optic disc and peripheral retina, are not clearly visible.

**Diabetic Retinopathy Severity Assessment:**

Based on the limited information available from this image, I can only provide a preliminary assessment. A definitive diagnosis requires a comprehensive examination, including:

*   **Detailed Retinal Vessel Assessment:** Evaluating the presence and severity of microaneurysms, hemorrhages, exudates, and neovascularization.
*   **Macular Involvement:** Assessing for macular edema, drusen, or other macular changes.
*   **Optic Disc Evaluation:** Checking for signs of optic neuropathy.
*   **Fundus Photography:** Taking high-resolution photographs to capture detailed images of the retina.

**Preliminary Assessment:**

Given the poor image quality, it's difficult to determine the severity of diabetic retinopathy. However, I can say the following:

*   **No obvious signs of severe diabetic retinopathy are immediately apparent.**
*   **Further evaluation is needed to rule out any subtle findings.**

**Recommendations:**

*   **Referral to an Ophthalmologist:** It is crucial to refer this patient to a qualified ophthalmologist for a comprehensive dilated fundus examination.
*   **Detailed Retinal Evaluation:** The ophthalmologist will perform a thorough examination to assess the retina for signs of diabetic retinopathy.
*   **Management Plan:** Based on the findings, the ophthalmologist will develop a management plan, which may include monitoring, laser treatment, injections, or other interventions.

**Disclaimer:**

This assessment is based solely on the provided image and is for informational purposes only. It should not be considered a substitute for a professional medical evaluation.
",,,,,,
21294_right,"IMAGE QUALITY: Adequate
FINDINGS:
- Microaneurysms: Present
- Hemorrhages: Absent
- Hard exudates: Absent
- Cotton wool spots: Absent
- Venous beading or IRMA: Absent
- Neovascularization: Absent
- Vitreous or preretinal hemorrhage: Absent
SEVERITY GRADE: 1
SEVERITY LABEL: Mild NPDR
RECOMMENDATION: Follow up in 6 months to monitor for progression.
SUMMARY: The image shows microaneurysms, indicating mild non-proliferative diabetic retinopathy. No other significant findings are present.
","Okay, I've reviewed the retinal fundus image. Here's a description of the findings and an assessment of the diabetic retinopathy severity:

**Description of Findings:**

*   **Overall Appearance:** The image appears to be a fundus photograph, showing the back of the eye. The image quality is somewhat limited due to the opacity of the media.
*   **Macula:** The macula appears relatively clear, although the details are not very well defined.
*   **Retinal Vessels:** The retinal vessels are visible, but the level of detail is not sufficient to assess for specific features like microaneurysms, hemorrhages, or exudates.
*   **Optic Disc:** The optic disc appears normal.
*   **Other Structures:** The image does not show any obvious signs of significant retinal detachment, neovascularization, or other severe complications.

**Diabetic Retinopathy Severity Assessment:**

Based on the limited information available in this image, I can only provide a preliminary assessment. A definitive diagnosis requires a comprehensive examination, including:

*   **Detailed Retinal Vessel Assessment:** Looking for microaneurysms, hemorrhages, cotton wool spots, and hard exudates.
*   **Macular Evaluation:** Assessing for macular edema or other macular changes.
*   **Optical Coherence Tomography (OCT):** To evaluate the retinal layers and detect fluid accumulation.
*   **Fundus Photography:** To document the findings over time.

**However, based on the limited information, I would tentatively classify the diabetic retinopathy severity as:**

*   **Mild:** If there are no significant findings, such as microaneurysms, hemorrhages, or exudates.
*   **Moderate:** If there are some mild findings, such as a few microaneurysms or small hemorrhages.
*   **Severe:** If there are significant findings, such as extensive hemorrhages, cotton wool spots, or neovascularization.

**Important Considerations:**

*   **Image Quality:** The image quality is not ideal, which limits the ability to make a precise assessment.
*   **Clinical History:** The patient's history of diabetes, blood sugar control, and other relevant factors are crucial for accurate diagnosis and management.
*   **Follow-up:** Regular follow-up examinations are essential to monitor the progression of diabetic retinopathy and to implement appropriate treatment strategies.

**Disclaimer:** This assessment is based solely on the provided image and is not a",,,,,,
24542_left,"IMAGE QUALITY: Adequate
FINDINGS:
- Microaneurysms: Present
- Hemorrhages: Absent
- Hard exudates: Absent
- Cotton wool spots: Absent
- Venous beading or IRMA: Absent
- Neovascularization: Absent
- Vitreous or preretinal hemorrhage: Absent
SEVERITY GRADE: 1
SEVERITY LABEL: Mild NPDR
RECOMMENDATION: Follow up in 6 months to monitor for progression.
SUMMARY: The image shows microaneurysms, indicating mild non-proliferative diabetic retinopathy. No other significant findings are present.
","Okay, I've examined the retinal fundus image. Here's a description of the findings and an assessment of the diabetic retinopathy severity:

**Description of Findings:**

*   **Macula:** The macula appears relatively clear and well-defined. There are no obvious signs of macular edema, drusen, or significant pigmentary changes.
*   **Retinal Vessels:** The retinal vessels appear to be generally normal in caliber and distribution. There are no significant signs of arteriolar narrowing (hemorrhages, cotton wool spots, or AV nicking).
*   **Optic Disc:** The optic disc appears normal in appearance.
*   **Overall:** The image shows a relatively normal fundus appearance, with no obvious signs of significant diabetic retinopathy.

**Diabetic Retinopathy Severity Assessment:**

Based on the provided image, the diabetic retinopathy severity is likely **Mild**.

**Reasoning:**

*   The absence of significant hemorrhages, cotton wool spots, or neovascularization makes it unlikely that the patient has a more severe form of diabetic retinopathy.
*   The retinal vessels appear normal, which is a positive finding.
*   The macula appears clear, which is also a positive finding.

**Important Considerations:**

*   This assessment is based solely on the provided image. A comprehensive evaluation would require a full dilated fundus examination, including assessment of the peripheral retina, optic disc, and other relevant structures.
*   The patient's history of diabetes, blood sugar control, and other relevant factors would also be important in determining the overall severity of diabetic retinopathy.
*   It is important to note that diabetic retinopathy can progress over time, and even mild cases can eventually develop into more severe forms.

**Disclaimer:** This assessment is for informational purposes only and should not be considered a substitute for a professional medical evaluation. A qualified ophthalmologist should be consulted for a complete diagnosis and treatment plan.
",,,,,,
25458_left,"IMAGE QUALITY: Adequate
FINDINGS:
- Microaneurysms: Present
- Hemorrhages: Absent
- Hard exudates: Absent
- Cotton wool spots: Absent
- Venous beading or IRMA: Absent
- Neovascularization: Absent
- Vitreous or preretinal hemorrhage: Absent
SEVERITY GRADE: 1
SEVERITY LABEL: Mild NPDR
RECOMMENDATION: Follow up in 6 months to monitor for progression.
SUMMARY: The image shows microaneurysms, indicating mild non-proliferative diabetic retinopathy. No other significant findings are present.
","Okay, I've examined the retinal fundus image. Here's a description of the findings and an assessment of the diabetic retinopathy severity:

**Description of Findings:**

*   **Macula:** The macula appears relatively clear. There is no obvious macular edema or significant drusen.
*   **Retinal Vessels:** The retinal vessels appear to be generally normal in caliber and distribution. There is no significant arteriolar narrowing or hemorrhages.
*   **Optic Disc:** The optic disc appears normal in appearance.
*   **Peripheral Retina:** The peripheral retina appears relatively normal.

**Diabetic Retinopathy Severity Assessment:**

Based on the provided image, the diabetic retinopathy severity appears to be **mild**.

**Reasoning:**

*   The absence of significant hemorrhages, exudates, or neovascularization makes a diagnosis of proliferative diabetic retinopathy (PDR) or neovascularization (NVD) unlikely.
*   The lack of significant macular edema also points away from diabetic macular edema (DME), which can be a significant cause of vision loss in diabetic patients.
*   The retinal vessels appear normal in caliber and distribution, which is a positive finding.

**Important Considerations:**

*   **This assessment is based solely on the provided image.** A comprehensive evaluation requires a full dilated fundus examination, including assessment of the peripheral retina, optic disc, and the presence of any microaneurysms, hemorrhages, exudates, or neovascularization.
*   **The patient's history of diabetes is crucial.** The duration of diabetes, glycemic control, and presence of other diabetic complications (e.g., nephropathy, neuropathy) all influence the risk of developing diabetic retinopathy.
*   **Other factors can affect the retina.** Conditions like hypertension, glaucoma, and age-related macular degeneration can also contribute to retinal changes.

**Recommendations:**

*   **Referral to an ophthalmologist for a comprehensive dilated fundus examination is highly recommended.** This will allow for a more accurate assessment of the diabetic retinopathy severity and the presence of any other retinal abnormalities.
*   **Glycemic control is essential.** Maintaining good blood sugar control is the most important step in preventing the progression of diabetic retinopathy.
*   **Regular eye exams are crucial.** Patients with diabetes should have regular dilated fundus examinations to monitor for the development of diabetic retinopathy and to ensure that any complications are detected and treated promptly.

**Disclaimer:** This information is for educational purposes only and should not",,,,,,
26366_right,"IMAGE QUALITY: Adequate
FINDINGS:
- Microaneurysms: Present
- Hemorrhages: Present
- Hard exudates: Present
- Cotton wool spots: Present
- Venous beading or IRMA: Absent
- Neovascularization: Absent
- Vitreous or preretinal hemorrhage: Absent
SEVERITY GRADE: 2
SEVERITY LABEL: Moderate NPDR
RECOMMENDATION: Follow up in 3 months to monitor for progression.
SUMMARY: The image shows moderate non-proliferative diabetic retinopathy with microaneurysms, hemorrhages, hard exudates, and cotton wool spots. Further monitoring is needed to assess for progression.
","Okay, I've reviewed the retinal fundus image. Here's a description of the findings and an assessment of the diabetic retinopathy severity:

**Findings:**

*   **Macular Edema:** There appears to be some evidence of macular edema, indicated by a slightly blurred appearance of the central macula.
*   **Microaneurysms:** Several microaneurysms are visible, particularly in the nerve fiber layer.
*   **Hemorrhages:** There are some hemorrhages present, which are small, dot-like or flame-shaped.
*   **Cotton Wool Spots:** There are some cotton wool spots, which are fluffy, white patches indicating nerve fiber layer infarcts.
*   **Vitreous Hemorrhage:** There is a vitreous hemorrhage present.

**Diabetic Retinopathy Severity Assessment:**

Based on these findings, the diabetic retinopathy severity is likely **Moderate to Severe**.

**Explanation:**

*   The presence of microaneurysms, hemorrhages, and cotton wool spots indicates diabetic retinopathy.
*   The presence of macular edema and vitreous hemorrhage suggests a more advanced stage of the disease.
*   The combination of these findings suggests that the patient has a significant degree of retinal damage due to diabetes.

**Important Considerations:**

*   This assessment is based solely on the provided image. A comprehensive evaluation would require a full dilated fundus examination, including assessment of the peripheral retina and optic disc.
*   The severity of diabetic retinopathy can vary significantly from person to person, depending on factors such as the duration of diabetes, blood sugar control, and other health conditions.
*   The presence of macular edema and vitreous hemorrhage can significantly impact vision and require prompt treatment.

**Recommendations:**

*   The patient should be referred to an ophthalmologist for a comprehensive evaluation and management plan.
*   The ophthalmologist will likely perform further testing, such as optical coherence tomography (OCT) to assess the extent of macular edema and fluorescein angiography to evaluate retinal blood flow.
*   Treatment options may include laser photocoagulation, intravitreal injections of anti-VEGF medications, and/or vitrectomy surgery.

**Disclaimer:** This is an AI-generated assessment based on the provided image and general knowledge of diabetic retinopathy. It is not a substitute for a professional medical evaluation by a qualified ophthalmologist.
",,,,,,
28905_left,"IMAGE QUALITY: Adequate
FINDINGS:
- Microaneurysms: Present
- Hemorrhages: Absent
- Hard exudates: Absent
- Cotton wool spots: Absent
- Venous beading or IRMA: Absent
- Neovascularization: Absent
- Vitreous or preretinal hemorrhage: Absent
SEVERITY GRADE: 1
SEVERITY LABEL: Mild NPDR
RECOMMENDATION: Follow up in 6 months to monitor for progression.
SUMMARY: The image shows microaneurysms, indicating mild non-proliferative diabetic retinopathy. No other significant findings are present.
","Okay, I've reviewed the retinal fundus image. Here's a description of the findings and an assessment of the diabetic retinopathy severity:

**Description of Findings:**

*   **Macula:** The macula appears relatively clear, with no obvious signs of edema or significant macular degeneration.
*   **Retinal Vessels:** The retinal vessels appear to be of normal caliber. There is no significant arteriolar narrowing or AV nicking.
*   **Retinal Edema:** There is no evidence of significant retinal edema.
*   **Microaneurysms:** There are no visible microaneurysms.
*   **Hemorrhages:** There are no visible hemorrhages.
*   **Cotton Wool Spots:** There are no visible cotton wool spots.
*   **Neovascularization:** There is no evidence of neovascularization.
*   **Optic Disc:** The optic disc appears normal in appearance.

**Diabetic Retinopathy Severity Assessment:**

Based on the findings, the diabetic retinopathy severity is likely **no diabetic retinopathy (NDR)** or **mild non-proliferative diabetic retinopathy (NPDR)**.

**Explanation:**

*   The absence of microaneurysms, hemorrhages, cotton wool spots, and neovascularization indicates that the patient does not have any signs of diabetic retinopathy.
*   The presence of normal retinal vessels and a clear macula further supports this assessment.

**Important Considerations:**

*   This assessment is based solely on the provided image. A comprehensive evaluation would require a complete history, physical examination, and potentially additional imaging (e.g., OCT) to rule out subtle findings.
*   The severity of diabetic retinopathy can change over time. Regular follow-up examinations are essential to monitor for any progression.

**Disclaimer:** This is an AI-generated assessment based on the provided image. It is not a substitute for a professional ophthalmological examination. A qualified ophthalmologist should be consulted for a definitive diagnosis and treatment plan.
",,,,,,
32064_right,"IMAGE QUALITY: Adequate
FINDINGS:
- Microaneurysms: Present
- Hemorrhages: Absent
- Hard exudates: Absent
- Cotton wool spots: Absent
- Venous beading or IRMA: Absent
- Neovascularization: Absent
- Vitreous or preretinal hemorrhage: Absent
SEVERITY GRADE: 1
SEVERITY LABEL: Mild NPDR
RECOMMENDATION: Follow up in 6 months to monitor for progression.
SUMMARY: The image shows microaneurysms, indicating mild non-proliferative diabetic retinopathy. No other significant findings are present.
","Okay, I've examined the retinal fundus image. Here's a description of the findings and an assessment of the diabetic retinopathy severity:

**Description of Findings:**

*   **Macula:** The macula appears relatively clear, with no obvious signs of significant macular edema or drusen.
*   **Retinal Vessels:** The retinal vessels appear to be somewhat attenuated (narrowed) in the nerve fiber layer, which can be a sign of chronic hypertension or diabetes.
*   **Optic Disc:** The optic disc appears normal in appearance.
*   **Overall:** The image is somewhat difficult to interpret due to the quality and the presence of artifacts.

**Diabetic Retinopathy Severity Assessment:**

Based on the limited information available, I would assess the diabetic retinopathy severity as **Mild to Moderate**.

**Reasoning:**

*   The presence of attenuated retinal vessels suggests some degree of diabetic retinopathy, but it's not severe.
*   The absence of significant macular edema or hemorrhages makes it less severe.
*   The image quality is not ideal, so a more definitive assessment would require a higher-resolution image and a thorough clinical examination.

**Important Considerations:**

*   This assessment is based solely on the provided image. A comprehensive evaluation requires a complete ophthalmologic examination, including visual acuity testing, fundus photography, and potentially other diagnostic tests.
*   The severity of diabetic retinopathy can vary significantly from person to person, even with similar findings on fundus examination.
*   This information is for educational purposes only and should not be considered medical advice. It is essential to consult with a qualified ophthalmologist for any eye-related concerns.

**Recommendations:**

*   The patient should be referred to an ophthalmologist for a comprehensive eye examination.
*   The ophthalmologist will be able to provide a more accurate assessment of the diabetic retinopathy severity and recommend appropriate management strategies.
*   The patient should follow the recommended guidelines for managing diabetes, including regular blood sugar monitoring, blood pressure control, and a healthy lifestyle.

I hope this assessment is helpful. Please let me know if you have any other questions.
",,,,,,
32216_left,"IMAGE QUALITY: Adequate
FINDINGS:
- Microaneurysms: Present
- Hemorrhages: Present
- Hard exudates: Present
- Cotton wool spots: Present
- Venous beading or IRMA: Present
- Neovascularization: Absent
- Vitreous or preretinal hemorrhage: Absent
SEVERITY GRADE: 3
SEVERITY LABEL: Severe NPDR
RECOMMENDATION: Follow up with an ophthalmologist for further evaluation and management.
SUMMARY: The image shows significant retinal findings, including microaneurysms, hemorrhages, hard exudates, cotton wool spots, and venous beading. This indicates a high level of diabetic retinopathy.
","Okay, based on the retinal fundus image provided, here's a description of the findings and an assessment of the diabetic retinopathy severity:

**Findings:**

*   **Microaneurysms:** These are small, red dots representing ruptures in the capillary walls. They are scattered throughout the image, particularly in the nerve fiber layer.
*   **Hemorrhages:** There are several areas of bleeding visible, including dot-blot hemorrhages (small, deep hemorrhages within the retina) and flame-shaped hemorrhages (longer, more superficial hemorrhages).
*   **Cotton Wool Spots:** These are fluffy, white patches representing areas of retinal nerve fiber layer infarction (ischemia). They are present in the nerve fiber layer.
*   **Venous Beading:** This is a sign of significant retinal ischemia and is characterized by alternating areas of dilation and constriction of retinal veins. It is present in the image.
*   **Macular Edema:** There is evidence of fluid accumulation in the macula, which can cause blurred central vision.
*   **Retinal Vein Occlusion:** There is a visible occlusion of a retinal vein, which is causing the hemorrhages and other signs of ischemia.

**Diabetic Retinopathy Severity Assessment:**

Based on the findings, the diabetic retinopathy severity is likely **severe**.

*   The presence of microaneurysms, hemorrhages, cotton wool spots, venous beading, and macular edema all indicate a high level of retinal damage and dysfunction.
*   The retinal vein occlusion further exacerbates the situation, leading to more widespread ischemia and bleeding.

**Important Considerations:**

*   This assessment is based solely on the provided image. A comprehensive evaluation would require a complete ophthalmologic examination, including visual acuity testing, fundus photography, and potentially other diagnostic tests.
*   The severity of diabetic retinopathy can vary significantly from person to person, depending on factors such as the duration of diabetes, blood sugar control, and other health conditions.
*   The presence of macular edema can significantly impact visual acuity and quality of life.

**Recommendations:**

Given the severity of the diabetic retinopathy, prompt referral to an ophthalmologist is crucial for further evaluation and management. Treatment options may include:

*   **Intravitreal injections of anti-VEGF medications:** To reduce macular edema and neovascularization.
*   **Laser photocoagulation:** To treat neovascularization and reduce macular edema.
*   **Vit",,,,,,
36213_right,"IMAGE QUALITY: Adequate
FINDINGS:
- Microaneurysms: Present
- Hemorrhages: Present
- Hard exudates: Present
- Cotton wool spots: Present
- Venous beading or IRMA: Present
- Neovascularization: Absent
- Vitreous or preretinal hemorrhage: Absent
SEVERITY GRADE: 3
SEVERITY LABEL: Severe NPDR
RECOMMENDATION: Follow up in 3 months to monitor for progression.
SUMMARY: The image shows significant diabetic retinopathy with microaneurysms, hemorrhages, hard exudates, cotton wool spots, and venous beading. This indicates a high risk of progression.
","Okay, based on the retinal fundus image provided, here's a description of the findings and an assessment of the diabetic retinopathy severity:

**Findings:**

*   **Widespread Retinal Edema:** There is significant retinal edema, particularly in the nerve fiber layer and the outer retinal layers. This is indicated by the hazy, indistinct appearance of the retinal vessels and the overall blurring of the fundus details.
*   **Microaneurysms:** Numerous microaneurysms are present, particularly in the superficial capillary network. These are small, red dots that represent weakened capillary walls.
*   **Hemorrhages:** There are several hemorrhages present, including flame-shaped hemorrhages and dot-blot hemorrhages. These are areas of blood leakage from damaged blood vessels.
*   **Cotton Wool Spots:** Cotton wool spots are visible, indicating areas of retinal nerve fiber layer infarction. These appear as fluffy, white patches.
*   **Hard Exudates:** Hard exudates are present, which are yellowish, waxy deposits of lipid and protein that leak from damaged blood vessels.
*   **Macular Edema:** The macula, the central part of the retina responsible for central vision, appears to be affected by edema. This is indicated by the blurring of the fovea and the presence of hard exudates in the macula.
*   **Vessel Occlusion:** There are signs of vessel occlusion, such as areas of retinal whitening and the presence of cotton wool spots.

**Diabetic Retinopathy Severity Assessment:**

Based on the findings, the diabetic retinopathy severity is likely **severe**.

*   The presence of widespread retinal edema, numerous microaneurysms, hemorrhages, cotton wool spots, and hard exudates all point to a high level of retinal damage.
*   The macular edema further complicates the situation, as it can lead to significant vision loss.
*   The presence of vessel occlusion indicates a more advanced stage of the disease.

**Important Considerations:**

*   This assessment is based solely on the provided image. A comprehensive evaluation would require a complete ophthalmologic examination, including visual acuity testing, fundus photography, and potentially other diagnostic tests.
*   The severity of diabetic retinopathy can vary depending on the individual's glycemic control, blood pressure, and other factors.
*   The presence of macular edema can significantly impact visual acuity and quality of life.

**Recommendations:**

*   The patient should be referred to an",,,,,,
37332_right,"IMAGE QUALITY: Adequate
FINDINGS:
- Microaneurysms: Present
- Hemorrhages: Present
- Hard exudates: Present
- Cotton wool spots: Present
- Venous beading or IRMA: Present
- Neovascularization: Absent
- Vitreous or preretinal hemorrhage: Absent
SEVERITY GRADE: 4
SEVERITY LABEL: Proliferative DR
RECOMMENDATION: Schedule a follow-up appointment to monitor for progression and manage complications.
SUMMARY: This image shows significant retinal findings consistent with proliferative diabetic retinopathy. The presence of neovascularization and hemorrhages indicates a high risk for vision loss.
","Okay, based on the retinal fundus image provided, here's a detailed description and assessment of the diabetic retinopathy severity:

**Description of Findings:**

*   **Widespread Retinal Edema:** There is significant retinal edema, indicated by the hazy, indistinct appearance of the retinal vessels and the presence of fluid in the outer retinal layers. This is a hallmark of diabetic retinopathy.
*   **Microaneurysms:** Numerous microaneurysms are present, which are small, red, and dot-like lesions on the retinal surface. These are a sign of early diabetic retinopathy.
*   **Hemorrhages:** There are numerous hemorrhages throughout the retina, appearing as red spots or streaks. These are a result of damaged blood vessels leaking blood.
*   **Cotton Wool Spots:** These are fluffy, white patches representing areas of retinal nerve fiber layer infarction (ischemia). They are a sign of more advanced diabetic retinopathy.
*   **Hard Exudates:** These are yellowish, waxy deposits that represent lipid and protein leakage from damaged blood vessels. They are a sign of more advanced diabetic retinopathy.
*   **Vitreous Hemorrhage:** There is evidence of vitreous hemorrhage, indicated by the presence of blood in the vitreous cavity (the space between the lens and the retina). This can cause significant vision loss.
*   **Macular Edema:** The macula, the central part of the retina responsible for sharp, central vision, appears to be affected by edema. This can lead to blurred central vision.
*   **Blood Vessel Occlusion:** There are signs of blood vessel occlusion, which can lead to retinal ischemia and infarction.

**Assessment of Diabetic Retinopathy Severity:**

Based on the findings, this patient has **severe diabetic retinopathy**. The presence of vitreous hemorrhage, widespread retinal edema, numerous hemorrhages, cotton wool spots, and macular edema all point to a high level of retinal damage.

**Specific Severity Classification (Based on the International Clinical Diabetic Retinopathy (ICDR) Guidelines):**

Given the findings, this patient likely falls into the **proliferative diabetic retinopathy (PDR)** category, with the following characteristics:

*   **Severe Non-Proliferative Diabetic Retinopathy (NPDR):** The presence of vitreous hemorrhage, macular edema, and significant retinal edema indicates a high level of retinal damage.
*   **Proliferative Diabetic Retinopathy (PDR):** The presence of neovascular",,,,,,
37675_right,"IMAGE QUALITY: Adequate
FINDINGS:
- Microaneurysms: Absent
- Hemorrhages: Absent
- Hard exudates: Absent
- Cotton wool spots: Absent
- Venous beading or IRMA: Absent
- Neovascularization: Absent
- Vitreous or preretinal hemorrhage: Absent
SEVERITY GRADE: 0
SEVERITY LABEL: No DR
RECOMMENDATION: Schedule a follow-up eye exam in 6 months.
SUMMARY: The image shows no signs of diabetic retinopathy. The fundus appears normal. A follow-up exam is recommended to monitor for any future changes.
","Okay, based on the provided image, here's a description and assessment of the potential findings:

**Description:**

The image appears to be a fundus photograph of the retina.  The optic disc is visible in the center, and the retinal vessels are present.  The image is relatively clear, with good contrast.

**Assessment of Diabetic Retinopathy Severity:**

Based solely on this image, it is **impossible to definitively assess the severity of diabetic retinopathy.**  A complete assessment requires a full fundus examination, including:

*   **Detailed evaluation of the retinal vasculature:**  Looking for microaneurysms, hemorrhages, cotton wool spots, and neovascularization.
*   **Assessment of the macula:**  Checking for macular edema, drusen, or other macular changes.
*   **Evaluation of the peripheral retina:**  Looking for signs of diabetic retinopathy in the periphery.
*   **Measurement of the retinal thickness:**  This can help assess for macular edema.
*   **Assessment of the optic disc:**  Looking for signs of optic neuropathy.

**However, I can make some preliminary observations:**

*   **No obvious signs of diabetic retinopathy are immediately apparent.**  There are no obvious hemorrhages, microaneurysms, or cotton wool spots visible in this single image.
*   **The image quality is good.**  This is important for a thorough examination.

**Conclusion:**

This image alone is insufficient to determine the severity of diabetic retinopathy. A full fundus examination is required for a proper diagnosis and management plan.

**Disclaimer:** This assessment is based solely on the provided image and is for informational purposes only. It is not a substitute for a professional medical evaluation by a qualified ophthalmologist.
",,,,,,
40731_left,"IMAGE QUALITY: Adequate
FINDINGS:
- Microaneurysms: Present
- Hemorrhages: Present
- Hard exudates: Present
- Cotton wool spots: Present
- Venous beading or IRMA: Present
- Neovascularization: Absent
- Vitreous or preretinal hemorrhage: Absent
SEVERITY GRADE: 4
SEVERITY LABEL: Proliferative DR
RECOMMENDATION: Schedule a comprehensive dilated fundus exam with optical coherence tomography (OCT) and fluorescein angiography (FA) to assess the extent of neovascularization and guide treatment decisions.
SUMMARY: This image shows significant retinal findings consistent with proliferative diabetic retinopathy. The presence of neovascularization and extensive hemorrhages indicates a high risk for vision loss. Prompt referral to a retinal specialist is crucial for further evaluation and management.
","Based on the retinal fundus image, the findings are highly suggestive of **severe diabetic retinopathy (DR)**, likely with a component of diabetic macular edema (DME) and potentially vitreous hemorrhage.

Here's a breakdown of the key findings:

*   **Widespread Retinal Hemorrhages:** There are numerous, dense hemorrhages throughout the retina, particularly in the nerve fiber layer and superficial capillary network. This indicates significant vascular damage and leakage.
*   **Cotton Wool Spots:** These are fluffy, white lesions representing areas of retinal nerve fiber layer infarction due to ischemia. Their presence further supports the diagnosis of diabetic retinopathy.
*   **Hard Exudates:** These are yellowish, waxy lesions that represent lipid and protein deposits in the retina. They are a hallmark of diabetic macular edema (DME).
*   **Microaneurysms:** These are small, red dots representing outpouchings of retinal capillaries. While they can be seen in early DR, their presence in this image suggests a more advanced stage.
*   **Vitreous Hemorrhage:** The presence of blood in the vitreous cavity is a significant finding. It can cause significant visual impairment and may require intervention.
*   **Macular Edema:** The presence of hard exudates in the macula suggests macular edema, which can lead to central vision loss.

**Severity Assessment:**

Given the combination of these findings, the diabetic retinopathy severity is likely **severe**. The presence of vitreous hemorrhage and macular edema significantly impacts the visual prognosis.

**Important Considerations:**

*   **Confirmation:** This assessment is based solely on the fundus image. A comprehensive ophthalmological examination, including visual acuity testing, optical coherence tomography (OCT), and possibly fluorescein angiography, is necessary for a definitive diagnosis and management plan.
*   **Individual Variability:** The severity of DR can vary significantly between individuals, even with similar clinical findings.
*   **Management:** The management of severe DR with vitreous hemorrhage and DME typically involves a multidisciplinary approach, including laser photocoagulation, intravitreal injections of anti-VEGF medications, and possibly vitrectomy surgery.

**Disclaimer:** This is an expert opinion based on the provided image. A definitive diagnosis and treatment plan should be determined by a qualified ophthalmologist after a comprehensive examination.
",,,,,,
41174_right,"IMAGE QUALITY: Poor
FINDINGS:
- Microaneurysms: Present
- Hemorrhages: Present
- Hard exudates: Present
- Cotton wool spots: Present
- Venous beading or IRMA: Present
- Neovascularization: Present
- Vitreous or preretinal hemorrhage: Present
SEVERITY GRADE: 4
SEVERITY LABEL: Proliferative DR
RECOMMENDATION: Schedule a follow-up appointment with an ophthalmologist for further evaluation and management.
SUMMARY: This image shows extensive retinal findings consistent with proliferative diabetic retinopathy. The presence of neovascularization, hemorrhages, and cotton wool spots indicates a high-risk condition. Prompt ophthalmological evaluation is crucial.
","Based on the retinal fundus image, the findings are highly suggestive of **proliferative diabetic retinopathy (PDR) with significant vitreous hemorrhage and neovascularization.**

Here's a breakdown of the key findings and their implications:

*   **Extensive Neovascularization:** The image shows widespread new blood vessel growth (neovascularization) throughout the retina and potentially the vitreous. This is a hallmark of PDR. The vessels are often fragile and prone to bleeding.

*   **Vitreous Hemorrhage:** The presence of blood within the vitreous cavity (vitreous hemorrhage) is a significant finding. This can be caused by the fragile new vessels leaking blood or from tractional retinal detachment. The blood obscures the view of the retina, making it difficult to assess the extent of the neovascularization.

*   **Tractional Retinal Detachment:** The neovascularization can cause traction on the retina, leading to a retinal detachment. The image shows signs of this, with the retina appearing to be pulled away from the underlying structures.

*   **Cotton Wool Spots:** These are small, white fluffy lesions that represent areas of retinal nerve fiber layer infarction. They are a sign of retinal ischemia and are common in diabetic retinopathy.

*   **Microaneurysms:** These are small, red dots that represent abnormal blood vessel dilation. They are a sign of diabetic microangiopathy.

*   **Hard Exudates:** These are yellowish, waxy lesions that represent lipid deposits. They are a sign of chronic retinal damage.

**Severity Assessment:**

Given the extensive neovascularization, vitreous hemorrhage, and tractional retinal detachment, the diabetic retinopathy severity is **severe**. This condition poses a significant risk of vision loss due to complications such as:

*   **Vision Loss:** The vitreous hemorrhage can cause significant visual impairment.
*   **Retinal Detachment:** The tractional retinal detachment can lead to permanent vision loss.
*   **Glaucoma:** Neovascularization can lead to neovascular glaucoma, a painful and vision-threatening condition.
*   **Macular Edema:** Fluid leakage from the new vessels can cause macular edema, which can also lead to vision loss.

**Recommendations:**

The patient needs immediate ophthalmological evaluation and management. The following interventions may be considered:

*   **Vitrectomy:** Surgical removal of the vitreous hemorrhage and the neovascularization. This is often the definitive treatment for PDR.
*",,,,,,
41339_right,"IMAGE QUALITY: Adequate
FINDINGS:
- Microaneurysms: Present
- Hemorrhages: Present
- Hard exudates: Absent
- Cotton wool spots: Absent
- Venous beading or IRMA: Absent
- Neovascularization: Absent
- Vitreous or preretinal hemorrhage: Absent
SEVERITY GRADE: 3
SEVERITY LABEL: Severe NPDR
RECOMMENDATION: Follow up in 6 months to monitor for progression.
SUMMARY: The image shows significant microaneurysms and hemorrhages, indicating severe non-proliferative diabetic retinopathy. There are no signs of neovascularization or significant vitreous hemorrhage.
","Okay, I've examined the retinal fundus image. Here's a description of the findings and an assessment of the diabetic retinopathy severity:

**Description of Findings:**

*   **Macular Edema:** There appears to be some evidence of macular edema. The central area of the macula (the part of the retina responsible for sharp, central vision) shows some blurring and indistinctness. This could be due to fluid accumulation in the macula.
*   **Cotton Wool Spots:** There are several small, white fluffy patches scattered throughout the fundus, particularly in the nerve fiber layer. These are indicative of microinfarcts, which are small areas of retinal tissue death due to lack of blood supply.
*   **Microaneurysms:** There are some small, red dots present, which are microaneurysms. These are tiny bulges in the walls of the retinal blood vessels, a hallmark of diabetic retinopathy.
*   **Retinal Vein Occlusion:** There is a possible retinal vein occlusion. The retinal veins appear to be narrowed and tortuous.
*   **Hyperpigmentation:** There is some hyperpigmentation in the fundus, which could be due to chronic inflammation or other factors.

**Diabetic Retinopathy Severity Assessment:**

Based on the findings, the diabetic retinopathy severity is likely **moderate to severe**.

*   The presence of cotton wool spots and microaneurysms indicates a significant level of retinal damage.
*   The macular edema further contributes to the severity, as it can lead to vision loss.
*   The possible retinal vein occlusion is also a concerning finding.

**Important Considerations:**

*   This assessment is based solely on the provided image. A comprehensive evaluation would require a complete ophthalmic examination, including visual acuity testing, fundus photography, and potentially other imaging modalities (e.g., OCT, fluorescein angiography).
*   The severity of diabetic retinopathy can vary significantly from person to person, depending on factors such as the duration of diabetes, blood sugar control, and other health conditions.
*   The presence of macular edema can be confirmed with Optical Coherence Tomography (OCT).

**Recommendations:**

Given the findings, I would recommend the following:

*   **Referral to an ophthalmologist:** A comprehensive eye exam is essential to confirm the diagnosis and assess the extent of the damage.
*   **Blood sugar control:** Strict blood sugar control is crucial to prevent further progression of diabetic retinopathy",,,,,,
43816_left,"IMAGE QUALITY: Adequate
FINDINGS:
- Microaneurysms: Absent
- Hemorrhages: Absent
- Hard exudates: Absent
- Cotton wool spots: Absent
- Venous beading or IRMA: Absent
- Neovascularization: Absent
- Vitreous or preretinal hemorrhage: Absent
SEVERITY GRADE: 0
SEVERITY LABEL: No DR
RECOMMENDATION: Schedule a follow-up appointment in 6 months to monitor for any changes.
SUMMARY: The fundus image shows no signs of diabetic retinopathy. The patient should be monitored regularly to detect any progression.
","Okay, based on the provided image, here's a description of the findings and an assessment of the diabetic retinopathy severity:

**Description of Findings:**

*   **Clear Optic Disc:** The optic disc appears normal in appearance, with no signs of edema or hemorrhages.
*   **No Macular Edema:** There is no evidence of fluid accumulation in the macula, which is a key indicator of diabetic macular edema (DME).
*   **No Significant Hemorrhages:** The image does not show any significant retinal hemorrhages.
*   **No Neovascularization:** There is no evidence of new blood vessel growth (neovascularization), which is a hallmark of proliferative diabetic retinopathy (PDR).
*   **Normal Retinal Vessels:** The retinal vessels appear relatively normal in caliber and distribution.

**Assessment of Diabetic Retinopathy Severity:**

Based on the findings, the diabetic retinopathy severity is likely **no diabetic retinopathy (NDR)** or **mild non-proliferative diabetic retinopathy (NPDR)**.

**Explanation:**

*   **No Diabetic Retinopathy (NDR):** This is the most benign form of diabetic retinopathy. It is characterized by the absence of any signs of diabetic retinopathy.
*   **Mild Non-Proliferative Diabetic Retinopathy (NPDR):** This is a mild form of diabetic retinopathy. It is characterized by the absence of any signs of diabetic retinopathy.

**Important Considerations:**

*   **This is a limited assessment based on a single image.** A comprehensive evaluation requires a full dilated fundus examination, including assessment of the macula, peripheral retina, and optic disc.
*   **The patient's history of diabetes is crucial.** The presence and duration of diabetes, as well as the patient's blood sugar control, are important factors in determining the overall risk of diabetic retinopathy progression.
*   **Other factors can influence the severity of diabetic retinopathy.** These include genetics, ethnicity, and other medical conditions.

**Recommendations:**

*   **Referral to an ophthalmologist:** It is recommended that the patient be referred to an ophthalmologist for a comprehensive dilated fundus examination and appropriate management.
*   **Blood sugar control:** Strict blood sugar control is essential to prevent the progression of diabetic retinopathy.
*   **Regular eye exams:** Regular eye exams are crucial for early detection and management of diabetic retinopathy.

**Disclaimer:** This assessment is based solely on the provided image and is for informational purposes only.",,,,,,
6429_left,"IMAGE QUALITY: Adequate
FINDINGS:
- Microaneurysms: Present
- Hemorrhages: Absent
- Hard exudates: Absent
- Cotton wool spots: Absent
- Venous beading or IRMA: Absent
- Neovascularization: Absent
- Vitreous or preretinal hemorrhage: Absent
SEVERITY GRADE: 1
SEVERITY LABEL: Mild NPDR
RECOMMENDATION: Follow up in 6 months to monitor for progression.
SUMMARY: The image shows microaneurysms, indicating mild non-proliferative diabetic retinopathy. No other significant findings are present.
","Okay, based on the provided retinal fundus image, here's a description of the findings and an assessment of the diabetic retinopathy severity:

**Description of Findings:**

*   **Macular Edema:** There is evidence of macular edema, indicated by the presence of fluid accumulation in the macula. This is a common complication of diabetic retinopathy.
*   **Microaneurysms:** Microaneurysms are small, red dots that represent weakened blood vessel walls. They are a hallmark of diabetic retinopathy.
*   **Cotton Wool Spots:** These are white, fluffy patches that represent areas of nerve fiber layer infarction (ischemia). They are also a sign of diabetic retinopathy.
*   **Hemorrhages:** There are some hemorrhages present, which are bleeding within the retina.
*   **Blood Vessel Changes:** The retinal blood vessels appear to be somewhat irregular and may show signs of thickening and narrowing (microangiopathy), which are characteristic of diabetic retinopathy.

**Diabetic Retinopathy Severity Assessment:**

Based on the findings, the diabetic retinopathy severity is likely **moderate to severe**.

**Reasoning:**

*   The presence of microaneurysms, cotton wool spots, and hemorrhages indicates a significant level of retinal damage.
*   Macular edema is a particularly concerning finding, as it can lead to vision loss.
*   The overall appearance of the retina suggests a more advanced stage of diabetic retinopathy than mild or early stages.

**Important Considerations:**

*   **This assessment is based solely on the provided image.** A comprehensive evaluation requires a full dilated fundus examination, including assessment of the optic disc, retinal vessels, and the macula.
*   **The severity of diabetic retinopathy can vary significantly from person to person.** Factors such as the duration of diabetes, blood sugar control, and other health conditions can influence the progression of the disease.
*   **This information is for educational purposes only and should not be considered medical advice.** A qualified ophthalmologist should be consulted for diagnosis and treatment of diabetic retinopathy.

**Recommendations:**

*   **Immediate referral to an ophthalmologist is strongly recommended.**
*   The ophthalmologist will perform a comprehensive examination to confirm the diagnosis and assess the extent of the damage.
*   Treatment options may include laser photocoagulation, intravitreal injections of anti-VEGF medications, and/or observation.
*   Strict blood sugar control is crucial to prevent further progression of diabetic retinopathy.

I hope",,,,,,
8302_left,"IMAGE QUALITY: Adequate
FINDINGS:
- Microaneurysms: Present
- Hemorrhages: Present
- Hard exudates: Present
- Cotton wool spots: Present
- Venous beading or IRMA: Present
- Neovascularization: Absent
- Vitreous or preretinal hemorrhage: Absent
SEVERITY GRADE: 3
SEVERITY LABEL: Severe NPDR
RECOMMENDATION: Follow up in 3 months to monitor for progression.
SUMMARY: The image shows signs of severe non-proliferative diabetic retinopathy with microaneurysms, hemorrhages, hard exudates, cotton wool spots, and venous beading. This indicates a significant level of diabetic retinopathy.
","Okay, I've reviewed the retinal fundus image. Here's a description of the findings and an assessment of the diabetic retinopathy severity:

**Findings:**

*   **Macular Edema:** There appears to be some evidence of macular edema, indicated by the hazy appearance of the macula and the presence of fluid in the outer retinal layers.
*   **Microaneurysms:** Several microaneurysms are visible, particularly in the nerve fiber layer.
*   **Hemorrhages:** There are several hemorrhages present, including flame-shaped hemorrhages and dot-blot hemorrhages.
*   **Cotton Wool Spots:** Cotton wool spots are present, indicating areas of retinal nerve fiber layer infarction.
*   **Optic Disc:** The optic disc appears relatively normal in appearance.

**Diabetic Retinopathy Severity Assessment:**

Based on these findings, the diabetic retinopathy severity is likely **moderate to severe**.

**Explanation:**

*   The presence of microaneurysms, hemorrhages, and cotton wool spots indicates a significant level of retinal damage.
*   The macular edema further complicates the picture and can lead to vision loss if not treated.
*   The combination of these findings suggests that the patient has progressed beyond mild or moderate diabetic retinopathy.

**Important Considerations:**

*   This assessment is based solely on the provided image. A comprehensive evaluation would require a complete ophthalmologic examination, including visual acuity testing, fundus photography, and potentially optical coherence tomography (OCT) to assess the extent of macular edema.
*   The severity of diabetic retinopathy can vary significantly from person to person, depending on factors such as the duration of diabetes, glycemic control, and other health conditions.
*   The presence of macular edema can significantly impact visual acuity and quality of life.

**Recommendations:**

*   The patient should be referred to an ophthalmologist for a comprehensive evaluation and management plan.
*   Management may include laser photocoagulation, intravitreal injections of anti-VEGF medications, and/or other treatments to reduce macular edema and prevent further vision loss.
*   Strict glycemic control is essential to prevent further progression of diabetic retinopathy.

**Disclaimer:** This assessment is for informational purposes only and should not be considered a substitute for professional medical advice. A qualified ophthalmologist should be consulted for diagnosis and treatment of any eye condition.
",,,,,,
8699_left,"IMAGE QUALITY: Adequate
FINDINGS:
- Microaneurysms: Present
- Hemorrhages: Present
- Hard exudates: Present
- Cotton wool spots: Present
- Venous beading or IRMA: Present
- Neovascularization: Absent
- Vitreous or preretinal hemorrhage: Absent
SEVERITY GRADE: 3
SEVERITY LABEL: Severe NPDR
RECOMMENDATION: Schedule a follow-up appointment to monitor for progression.
SUMMARY: The image shows significant retinal findings, including microaneurysms, hemorrhages, hard exudates, cotton wool spots, and venous beading. This indicates severe non-proliferative diabetic retinopathy.
","Okay, based on the retinal fundus image provided, here's a detailed description and assessment of the diabetic retinopathy severity:

**Description of Findings:**

*   **Significant Retinal Edema:** There is widespread retinal edema, particularly in the nerve fiber layer and inner retinal layers. This is indicated by the hazy, indistinct appearance of the retinal vessels and the presence of fluid accumulation.
*   **Microaneurysms:** Numerous microaneurysms are present throughout the retina, particularly in the superficial capillary network. These are small, red, and dot-like lesions.
*   **Hemorrhages:** There are multiple hemorrhages of varying sizes and locations. Some are small and dot-like, while others are larger and more confluent.
*   **Cotton Wool Spots:** These are fluffy, white lesions representing areas of retinal nerve fiber layer infarction. They are scattered throughout the retina.
*   **Hard Exudates:** These are yellowish, waxy lesions that represent lipid deposits. They are often found in the macula and surrounding areas.
*   **Vitreous Hemorrhage:** There is evidence of vitreous hemorrhage, which is the presence of blood in the vitreous cavity. This is indicated by the hazy appearance of the fundus and the obscuration of the retinal details.
*   **Macular Edema:** The macula, the central part of the retina responsible for sharp central vision, appears to be affected by edema. This is indicated by the blurring of the central retinal details.

**Assessment of Diabetic Retinopathy Severity:**

Based on the findings described above, the diabetic retinopathy severity is likely **severe**.

**Justification:**

*   The presence of vitreous hemorrhage, significant retinal edema, numerous microaneurysms, hemorrhages, cotton wool spots, and hard exudates all point towards a high level of retinal damage.
*   The macular edema further complicates the situation, as it can lead to significant visual impairment.

**Important Considerations:**

*   This assessment is based solely on the provided retinal fundus image. A comprehensive evaluation would require a complete ophthalmologic examination, including visual acuity testing, fundus photography, and potentially other diagnostic tests.
*   The severity of diabetic retinopathy can vary depending on the individual's glycemic control, blood pressure, and other factors.
*   The presence of vitreous hemorrhage can be a serious complication of diabetic retinopathy and can lead to significant vision loss if not treated promptly.

**Recommendations:**",,,,,,
9353_right,"IMAGE QUALITY: Poor
FINDINGS:
- Microaneurysms: Present
- Hemorrhages: Present
- Hard exudates: Present
- Cotton wool spots: Present
- Venous beading or IRMA: Present
- Neovascularization: Present
- Vitreous or preretinal hemorrhage: Present
SEVERITY GRADE: 4
SEVERITY LABEL: Proliferative DR
RECOMMENDATION: Schedule a follow-up appointment with an ophthalmologist for further evaluation and management.
SUMMARY: The image shows significant retinal findings, including microaneurysms, hemorrhages, hard exudates, cotton wool spots, venous beading, neovascularization, and vitreous hemorrhage. This indicates a high-severity diabetic retinopathy requiring prompt ophthalmological attention.
","Okay, based on the provided retinal fundus image, here's a description of the findings and an assessment of the diabetic retinopathy severity:

**Description of Findings:**

*   **Darkness:** The image is very dark, making it difficult to visualize fine details.
*   **Macular Edema:** There appears to be significant macular edema, indicated by the blurring and indistinctness of the central retinal details.
*   **Retinal Hemorrhages:** There are numerous retinal hemorrhages present, which are small, dot-like, and flame-shaped.
*   **Cotton Wool Spots:** There are also cotton wool spots, which are fluffy, white lesions representing areas of retinal nerve fiber layer infarction.
*   **Vitreous Hemorrhage:** There is a vitreous hemorrhage, which is the presence of blood in the vitreous cavity, obscuring the view of the retina.
*   **Neovascularization:** There is evidence of neovascularization, which is the growth of new, abnormal blood vessels. This is indicated by the presence of flame-shaped hemorrhages and cotton wool spots.
*   **Optic Disc:** The optic disc appears to be somewhat obscured by the surrounding findings.

**Assessment of Diabetic Retinopathy Severity:**

Based on the findings, the diabetic retinopathy severity is likely **severe**.

*   **Presence of Neovascularization:** The presence of neovascularization is a key indicator of severe diabetic retinopathy.
*   **Macular Edema:** Significant macular edema further contributes to the severity.
*   **Vitreous Hemorrhage:** The vitreous hemorrhage is a serious complication that can lead to significant vision loss.
*   **Retinal Hemorrhages and Cotton Wool Spots:** These findings indicate significant retinal damage.

**Important Considerations:**

*   **Limited Image Quality:** The poor image quality makes it difficult to make a definitive assessment.
*   **Clinical Context:** The severity of diabetic retinopathy can also be influenced by the patient's overall health, blood sugar control, and other factors.
*   **Further Evaluation:** A comprehensive evaluation by an ophthalmologist is necessary to confirm the diagnosis and determine the best course of treatment.

**Disclaimer:** This assessment is based solely on the provided image and should not be considered a substitute for a professional ophthalmological examination.
",,,,,,
9452_left,"IMAGE QUALITY: Adequate
FINDINGS:
- Microaneurysms: Present
- Hemorrhages: Present
- Hard exudates: Present
- Cotton wool spots: Present
- Venous beading or IRMA: Absent
- Neovascularization: Absent
- Vitreous or preretinal hemorrhage: Absent
SEVERITY GRADE: 2
SEVERITY LABEL: Moderate NPDR
RECOMMENDATION: Follow up in 3 months to monitor for progression.
SUMMARY: The image shows moderate non-proliferative diabetic retinopathy with microaneurysms, hemorrhages, hard exudates, and cotton wool spots. The patient should be monitored for progression.
","Okay, I've reviewed the retinal fundus image. Here's a description of the findings and an assessment of the diabetic retinopathy severity:

**Description of Findings:**

*   **Microaneurysms:** These are small, red dots representing ruptures in the capillary walls. They are the hallmark of diabetic retinopathy. I see numerous microaneurysms scattered throughout the retina, particularly in the nerve fiber layer.
*   **Hemorrhages:** There are several hemorrhages present, appearing as red or slightly yellowish areas. These are likely from the rupture of microaneurysms or from damaged blood vessels.
*   **Cotton Wool Spots:** These are fluffy, white patches representing areas of retinal nerve fiber layer infarction (ischemia). I observe some cotton wool spots, indicating areas of retinal ischemia.
*   **Hard Exudates:** These are yellowish, waxy lesions that represent lipid and protein deposits in the retina. They are a sign of more advanced diabetic retinopathy.
*   **Macular Edema:** There is evidence of macular edema, which is swelling of the macula (the central part of the retina responsible for central vision). This is indicated by the presence of fluid in the macula, which appears as a hazy or indistinct area.
*   **Retinal Vein Occlusion:** There is a possible retinal vein occlusion, which is a blockage of a retinal vein. This is indicated by the presence of hemorrhages and cotton wool spots in the area of the affected vein.
*   **Normal Fundus:** The optic disc and retinal vessels appear relatively normal, suggesting that there is no significant optic nerve damage or widespread vascular occlusion.

**Diabetic Retinopathy Severity Assessment:**

Based on the findings, the diabetic retinopathy severity is likely **moderate to severe**.

*   The presence of numerous microaneurysms, hemorrhages, and cotton wool spots indicates a significant level of retinal damage.
*   The presence of macular edema further complicates the situation, as it can lead to vision loss.
*   The possible retinal vein occlusion adds to the severity of the condition.

**Important Considerations:**

*   This assessment is based solely on the provided image. A comprehensive evaluation would require a complete ophthalmologic examination, including visual acuity testing, fundus photography, and potentially other imaging modalities (e.g., OCT, fluorescein angiography).
*   The severity of diabetic retinopathy can vary significantly from person to person, depending on factors such as the duration of diabetes",,,,,,
9682_left,"IMAGE QUALITY: Adequate
FINDINGS:
- Microaneurysms: Present
- Hemorrhages: Present
- Hard exudates: Present
- Cotton wool spots: Present
- Venous beading or IRMA: Present
- Neovascularization: Present
- Vitreous or preretinal hemorrhage: Present
SEVERITY GRADE: 4
SEVERITY LABEL: Proliferative DR
RECOMMENDATION: Schedule a follow-up appointment to monitor for progression and manage complications.
SUMMARY: The image shows significant retinal findings, including microaneurysms, hemorrhages, hard exudates, cotton wool spots, venous beading, neovascularization, and vitreous hemorrhage. This indicates a high-risk proliferative diabetic retinopathy.
","Okay, based on the retinal fundus image provided, here's a detailed description and assessment of the diabetic retinopathy severity:

**Description of Findings:**

*   **Diffuse Retinal Changes:** The image shows widespread, diffuse retinal changes throughout the fundus. This is a key characteristic of advanced diabetic retinopathy.
*   **Microaneurysms:** Numerous small, red dots (microaneurysms) are visible throughout the retina. These are a hallmark of diabetic retinopathy and represent weakened capillary walls.
*   **Hemorrhages:** There are significant areas of retinal hemorrhages, appearing as red or dark areas. These indicate bleeding from damaged blood vessels.
*   **Cotton Wool Spots:** These are fluffy, white patches representing areas of retinal nerve fiber layer infarction (ischemia). They are also a sign of diabetic retinopathy.
*   **Hard Exudates:** These are yellowish, waxy deposits that represent lipid and protein leakage from damaged blood vessels. They are a sign of more advanced diabetic retinopathy.
*   **Macular Edema:** The macula, the central part of the retina responsible for sharp central vision, appears to have significant edema (swelling). This is a common complication of diabetic retinopathy and can lead to vision loss.
*   **Possible Vitreous Hemorrhage:** There is a possible vitreous hemorrhage, which is bleeding into the vitreous gel that fills the eye. This can cause significant vision loss.
*   **Possible Retinal Detachment:** There is a possible retinal detachment, which is when the retina separates from the back of the eye. This can cause significant vision loss.

**Assessment of Diabetic Retinopathy Severity:**

Based on the findings, the diabetic retinopathy severity is likely **severe**. The presence of widespread microaneurysms, hemorrhages, cotton wool spots, hard exudates, and macular edema all point to a high level of retinal damage. The possible vitreous hemorrhage and retinal detachment further increase the severity.

**Important Considerations:**

*   **This is a preliminary assessment based on a single image.** A comprehensive evaluation requires a complete ophthalmologic examination, including visual acuity testing, fundus photography, optical coherence tomography (OCT), and possibly fluorescein angiography.
*   **The severity of diabetic retinopathy can vary significantly from person to person.** Factors such as the duration of diabetes, blood sugar control, blood pressure control, and genetics can influence the progression of the disease.
*   **The presence of macular edema can significantly impact",,,,,,
